<?xml version="1.0" encoding="utf-8"?>
<modification>
    <name>Opencart Google Translate</name>
    <code>Opencart Google Translate</code>
    <version>1.0</version>
    <author>OpenCartCity</author>
    <link>http://www.opencartcity.com</link>
    <file path="admin/controller/common/header.php">
      <operation>
        <search><![CDATA[
          return $this->load->view('common/header', $data);
        ]]></search>
        <add position="before"><![CDATA[
          // Opencart Google Translate
          if ($this->config->get('module_opc_translate_status') && $this->config->get('module_opc_translate_admin')) {
            $data['module_opc_translate_admin_position'] = $this->config->get('module_opc_translate_admin_position');
            $data['module_opc_translate_default_code'] = $this->config->get('module_opc_translate_default_code');
          }
        ]]></add>
      </operation>
    </file>

    <file path="admin/view/template/common/header.twig">
      <operation>
        <search><![CDATA[
          <ul class="nav navbar-nav navbar-right">
        ]]></search>
        <add position="before"><![CDATA[
          {% if module_opc_translate_admin_position is defined and module_opc_translate_admin_position == 1 %}
            <div style="display: inline-block; margin: 10px;">{{ module_opc_translate_default_code }}</div>
          {% endif %}

          {% if module_opc_translate_admin_position is defined and module_opc_translate_admin_position == 2 %}
            <div style="display: inline-block; margin: 10px; position: absolute; left: 45%;">{{ module_opc_translate_default_code }}</div>
          {% endif %}
        ]]></add>
      </operation>

      <operation>
        <search><![CDATA[
          <li><a href="{{ logout }}"><i class="fa fa-sign-out"></i> <span class="hidden-xs hidden-sm hidden-md">{{ text_logout }}</span></a></li>
        ]]></search>
        <add position="after"><![CDATA[
          {% if module_opc_translate_admin_position is defined and module_opc_translate_admin_position == 3 %}
            <li style="margin: 10px;">{{ module_opc_translate_default_code }}</li>
          {% endif %}
        ]]></add>
      </operation>
    </file>

    <file path="catalog/controller/common/header.php">
      <operation>
        <search><![CDATA[
          return $this->load->view('common/header', $data);
        ]]></search>
        <add position="before"><![CDATA[
          // Opencart Google Translate
          if ($this->config->get('module_opc_translate_status') && $this->config->get('module_opc_translate_catalog')) {
            $data['module_opc_translate_catalog_position'] = $this->config->get('module_opc_translate_catalog_position');
            $data['module_opc_translate_default_code'] = $this->config->get('module_opc_translate_default_code');
          }
        ]]></add>
      </operation>
    </file>

    <file path="catalog/view/theme/journal2/template/journal2/headers/*.twig">
      <operation>
        <search><![CDATA[
          {{ currency }}
        ]]></search>
        <add position="after"><![CDATA[
          {% if module_opc_translate_catalog_position is defined %}
            <div style="margin-top: 8px;">{{ module_opc_translate_default_code }}</div>
          {% endif %}
        ]]></add>
      </operation>
    </file>
    
    <file path="catalog/view/theme/*/template/common/header.twig">
      <operation>
        <search><![CDATA[
          {{ currency }}
        ]]></search>
        <add position="before"><![CDATA[
          {% if module_opc_translate_catalog_position is defined and module_opc_translate_catalog_position == 1 %}
            <div style="display: inline-block; margin-top: 5px;">{{ module_opc_translate_default_code }}</div>
          {% endif %}

          {% if module_opc_translate_catalog_position is defined and module_opc_translate_catalog_position == 2 %}
            <div style="display: inline-block; margin-top: 5px;position: absolute; left: 40%;">{{ module_opc_translate_default_code }}</div>
          {% endif %}
        ]]></add>
      </operation>

      <operation>
        <search><![CDATA[
          <li><a href="{{ checkout }}" title="{{ text_checkout }}"><i class="fa fa-share"></i> <span class="hidden-xs hidden-sm hidden-md">{{ text_checkout }}</span></a></li>
        ]]></search>
        <add position="after"><![CDATA[
          {% if module_opc_translate_catalog_position is defined and module_opc_translate_catalog_position == 3 %}
            <li>{{ module_opc_translate_default_code }}</li>
          {% endif %}
        ]]></add>
      </operation>
    </file>
</modification>
